{"world":"Sonora","x":11.887615182395042,"y":145.0,"z":-5.461297373106408,"pitch":8.69952,"yaw":94.61145}