{"world":"Sonora","x":11.124908668766285,"y":145.5,"z":-19.36178532953993,"pitch":13.049994,"yaw":-204.74782}