{"world":"Voxity","x":736.8540539218641,"y":66.5,"z":-662.0024800980374,"pitch":10.87054,"yaw":196.6986}