{"world":"Sonora","x":11.087213257324027,"y":145.0,"z":-9.971250333616492,"pitch":12.278378,"yaw":39.161747}