{"world":"Sonora","x":359.5814201690152,"y":69.0,"z":73.15469733101182,"pitch":22.554499,"yaw":-230.88202}