{"world":"Sonora","x":375.4252069196138,"y":70.0,"z":60.28401189896791,"pitch":84.52807,"yaw":-352.35773}