{"world":"Caoms","x":7.569382227818434,"y":145.0,"z":-23.926036781835673,"pitch":14.129563,"yaw":-223.88239}