{"world":"Sonora","x":361.1622917587908,"y":69.0,"z":70.05323612419195,"pitch":15.263579,"yaw":204.3781}