{"world":"Sonora","x":11.284599074088204,"y":145.0,"z":-11.290642828860864,"pitch":12.812226,"yaw":41.363388}