{"world":"Sonora","x":10.931718847052755,"y":123.0,"z":-5.38957592757799,"pitch":29.476637,"yaw":-107.711494}