{"world":"Sonora","x":41.77102355448944,"y":140.0,"z":-5.65765654611879,"pitch":20.668947,"yaw":290.19592}