{"world":"Sonora","x":14.618888126295847,"y":147.0,"z":-17.039196352458145,"pitch":18.283705,"yaw":80.274864}