{"world":"Voxity","x":752.6546117863369,"y":67.0,"z":-674.9991252011729,"pitch":5.705127,"yaw":41.564148}