{"world":"Sonora","x":-156.90175098376247,"y":58.0,"z":207.11731283544762,"pitch":-12.449694,"yaw":88.352905}