{"world":"Caoms","x":13.7730736897715,"y":146.0,"z":-37.41236329840571,"pitch":4.35,"yaw":-337.79813}