{"world":"Caoms","x":25.36627159586208,"y":148.0,"z":-17.51703555518398,"pitch":75.749954,"yaw":-272.0475}