{"world":"Caoms","x":23.336076321303842,"y":148.0,"z":-20.19394962090834,"pitch":55.65,"yaw":-17.544897}