{"world":"Gillamoor","x":931.266814666111,"y":4.0,"z":550.2497597692577,"pitch":40.050087,"yaw":-45.750366}