{"world":"Caoms","x":24.1021262187459,"y":148.0,"z":-16.727217190112558,"pitch":3.6812549,"yaw":48.35547}