{"world":"Sonora","x":25.24474092097959,"y":148.0,"z":-17.49836521252327,"pitch":1.6684924,"yaw":89.20801}